{
    "anchorpoints": [],
    "portpins": [
        {
            "name": "1",
            "position": [
                -84.57560000000001,
                -0.8714000000000013,
                3.3075
            ],
            "rotation": [
                0.0,
                0.0,
                -1.0,
                -0.0,
                1.0,
                0.0,
                1.0,
                0.0,
                0.0
            ]
        }
    ],
    "version": 6
}